Name,Location,Capacity,Current Occupancy
shelter1,"[32.06418523361497, 34.78680114451362]",250,20
shelter2,"[32.071777, 34.775263]",300,15
shelter3,"[32.065444, 34.767834]",150,10
shelter4,"[32.07316, 34.794247]",200,25
shelter5,"[32.072073, 34.856155]",180,12
